Type,Name,Request Count,Failure Count,Median Response Time,Average Response Time,Min Response Time,Max Response Time,Average Content Size,Requests/s,Failures/s,50%,66%,75%,80%,90%,95%,98%,99%,99.9%,99.99%,100%
GET,/,128412,1378,1200.0,8152.120416295457,1.341900999250356,161672.09799699776,23.7424539762639,124.47090743933501,1.335707803409367,1200,1700,2000,2300,3200,91000,118000,139000,153000,159000,162000
POST,/predict,127955,1350,1200.0,8283.536366222903,2.193300999351777,162597.69985800085,38.58852721659959,124.0279332258676,1.3085671513807298,1200,1700,2000,2300,3300,91000,118000,139000,154000,158000,163000
GET,/sentiment/I%20feel%20so%20asleep,31853,335,1200.0,8275.925507997566,1.8108029980794527,161668.25259699908,69.26380560700719,30.87539960957806,0.3247185153426255,1200,1700,2000,2300,3200,91000,119000,139000,154000,158000,162000
GET,/sentiment/I%20love%20elephats,32205,344,1200.0,8137.269999148765,1.7125000013038516,161351.40849800155,68.26297158826269,31.216596377938075,0.33344229635183037,1200,1700,2000,2300,3200,91000,118000,139000,154000,159000,161000
GET,/sentiment/I%20miss%20Ana,31749,333,1200.0,8054.145018954715,1.7551999990246259,158814.38007799807,63.32873476329963,30.774591473471695,0.32277989734058,1200,1700,2000,2300,3300,90000,116000,136000,153000,157000,159000
GET,/sentiment/Javier%20eats%20bread,31996,367,1200.0,8114.1808964372485,1.7925000029208604,162590.80515800088,70.18561695211902,31.014010796724317,0.3557364033753539,1200,1700,2000,2300,3200,91000,118000,138000,154000,159000,163000
,Aggregated,384170,4107,1200.0,8193.65437263558,1.341900999250356,162597.69985800085,43.3333237889476,372.37943892291474,3.9809520672004863,1200,1700,2000,2300,3200,91000,118000,139000,154000,159000,163000
